{"Khalsa Warriors":{"TotalPurse":3600000,"PurseUtilized":1780000,"PurseRem":1820000,"MinBaseRequired":1300000,"MinimumTeamReq":{"ReqCount":11,"diCategoryWiseCount":{"Icon":0,"A":1,"B":4,"C":4,"D":2}},"TopUpValue":0,"playerList":{"Pratik Khanna":{"PlayerCategory":"Icon","PriceSold":600000},"Shibu Chetry":{"PlayerCategory":"A","PriceSold":400000},"Sherry Oberoi":{"PlayerCategory":"D","PriceSold":150000},"Rupesh Kantrod":{"PlayerCategory":"Icon","PriceSold":630000}}},"Kantrod Kings":{"TotalPurse":3600000,"PurseUtilized":1450000,"PurseRem":2150000,"MinBaseRequired":1500000,"MinimumTeamReq":{"ReqCount":12,"diCategoryWiseCount":{"Icon":1,"A":1,"B":3,"C":4,"D":3}},"TopUpValue":0,"playerList":{"Mohit Thawani":{"PlayerCategory":"Icon","PriceSold":600000},"Deepesh Kantrod":{"PlayerCategory":"A","PriceSold":400000},"Piyush Kantrod":{"PlayerCategory":"B","PriceSold":450000}}},"DB Tigers":{"TotalPurse":3600000,"PurseUtilized":1150000,"PurseRem":2450000,"MinBaseRequired":1600000,"MinimumTeamReq":{"ReqCount":12,"diCategoryWiseCount":{"Icon":1,"A":1,"B":4,"C":4,"D":2}},"TopUpValue":0,"playerList":{"Sandeep Khubchandani":{"PlayerCategory":"Icon","PriceSold":600000},"Viraj Vijjan":{"PlayerCategory":"A","PriceSold":400000},"Inder Bambani":{"PlayerCategory":"D","PriceSold":150000}}},"Kamda Kings":{"TotalPurse":3600000,"PurseUtilized":1450000,"PurseRem":2150000,"MinBaseRequired":1500000,"MinimumTeamReq":{"ReqCount":12,"diCategoryWiseCount":{"Icon":1,"A":1,"B":3,"C":4,"D":3}},"TopUpValue":0,"playerList":{"Jatin Vijjan":{"PlayerCategory":"Icon","PriceSold":600000},"Karan Batra":{"PlayerCategory":"A","PriceSold":400000},"Pritam Singh":{"PlayerCategory":"B","PriceSold":450000}}},"Sanjog 11":{"TotalPurse":3600000,"PurseUtilized":1450000,"PurseRem":2150000,"MinBaseRequired":1500000,"MinimumTeamReq":{"ReqCount":12,"diCategoryWiseCount":{"Icon":1,"A":1,"B":3,"C":4,"D":3}},"TopUpValue":0,"playerList":{"Punit Vohra":{"PlayerCategory":"Icon","PriceSold":600000},"Manish Jaswani":{"PlayerCategory":"A","PriceSold":400000},"Purav oberoi":{"PlayerCategory":"B","PriceSold":450000}}},"Mk Super Kings":{"TotalPurse":3600000,"PurseUtilized":1450000,"PurseRem":2150000,"MinBaseRequired":1500000,"MinimumTeamReq":{"ReqCount":12,"diCategoryWiseCount":{"Icon":1,"A":1,"B":3,"C":4,"D":3}},"TopUpValue":0,"playerList":{"Deepak Makhija":{"PlayerCategory":"A","PriceSold":400000},"Nikky Bhagwani":{"PlayerCategory":"Icon","PriceSold":600000},"Rishab Lakhwani":{"PlayerCategory":"B","PriceSold":450000}}},"Iconnic 11":{"TotalPurse":3600000,"PurseUtilized":1790000,"PurseRem":1810000,"MinBaseRequired":1350000,"MinimumTeamReq":{"ReqCount":11,"diCategoryWiseCount":{"Icon":0,"A":2,"B":4,"C":2,"D":3}},"TopUpValue":0,"playerList":{"Anuj Bindra":{"PlayerCategory":"Icon","PriceSold":600000},"Suresh Wadhwa":{"PlayerCategory":"C","PriceSold":200000},"Sushil Jaggi":{"PlayerCategory":"C","PriceSold":300000},"Sagar Sandhana":{"PlayerCategory":"Icon","PriceSold":690000}}},"Jaggi Warriors":{"TotalPurse":3600000,"PurseUtilized":1200000,"PurseRem":2400000,"MinBaseRequired":1600000,"MinimumTeamReq":{"ReqCount":12,"diCategoryWiseCount":{"Icon":1,"A":2,"B":3,"C":3,"D":3}},"TopUpValue":0,"playerList":{"Ankit Duggal":{"PlayerCategory":"Icon","PriceSold":600000},"Shivkumar Khurana":{"PlayerCategory":"B","PriceSold":300000},"Nitesh Jaggi":{"PlayerCategory":"C","PriceSold":300000}}},"BGR Lions":{"TotalPurse":3600000,"PurseUtilized":1840000,"PurseRem":1760000,"MinBaseRequired":1250000,"MinimumTeamReq":{"ReqCount":11,"diCategoryWiseCount":{"Icon":0,"A":1,"B":4,"C":3,"D":3}},"TopUpValue":0,"playerList":{"Kailash Ahuja":{"PlayerCategory":"Icon","PriceSold":600000},"Sahil Matlai":{"PlayerCategory":"A","PriceSold":400000},"Nitesh Gabra":{"PlayerCategory":"C","PriceSold":300000},"Deepak Sharma":{"PlayerCategory":"Icon","PriceSold":540000}}},"Smashers":{"TotalPurse":3600000,"PurseUtilized":1930000,"PurseRem":1670000,"MinBaseRequired":1200000,"MinimumTeamReq":{"ReqCount":11,"diCategoryWiseCount":{"Icon":0,"A":1,"B":3,"C":4,"D":3}},"TopUpValue":0,"playerList":{"Mohit NAVLANI":{"PlayerCategory":"Icon","PriceSold":600000},"Jatin Dembla":{"PlayerCategory":"A","PriceSold":400000},"Jayesh Sachdev":{"PlayerCategory":"B","PriceSold":450000},"Bunny Nawlani":{"PlayerCategory":"Icon","PriceSold":480000}}},"AAA Fighters":{"TotalPurse":3600000,"PurseUtilized":900000,"PurseRem":2700000,"MinBaseRequired":1700000,"MinimumTeamReq":{"ReqCount":13,"diCategoryWiseCount":{"Icon":1,"A":2,"B":3,"C":4,"D":3}},"TopUpValue":0,"playerList":{"Jahan KHANNA":{"PlayerCategory":"B","PriceSold":300000},"Rahul Poptani":{"PlayerCategory":"Icon","PriceSold":600000}}},"RK Warriors":{"TotalPurse":3600000,"PurseUtilized":1750000,"PurseRem":1850000,"MinBaseRequired":1200000,"MinimumTeamReq":{"ReqCount":11,"diCategoryWiseCount":{"Icon":0,"A":1,"B":3,"C":4,"D":3}},"TopUpValue":0,"playerList":{"Sahil Krishnani":{"PlayerCategory":"A","PriceSold":400000},"Abneesh Kirtani":{"PlayerCategory":"B","PriceSold":450000},"Ashish Kochher":{"PlayerCategory":"Icon","PriceSold":600000}}}}