{"Khalsa Warriors":{"TotalPurse":3600000,"PurseUtilized":2860000,"PurseRem":740000,"MinBaseRequired":500000,"MinimumTeamReq":{"ReqCount":6,"diCategoryWiseCount":{"Icon":0,"A":0,"B":0,"C":4,"D":2}},"TopUpValue":0,"playerList":{"Pratik Khanna":{"PlayerCategory":"Icon","PriceSold":600000},"Shibu Chetry":{"PlayerCategory":"A","PriceSold":400000},"Sherry Oberoi":{"PlayerCategory":"D","PriceSold":150000},"Rupesh Kantrod":{"PlayerCategory":"Icon","PriceSold":630000},"Kunal Chopda":{"PlayerCategory":"B","PriceSold":250000},"Lucky SAHANI":{"PlayerCategory":"B","PriceSold":270000},"Rupesh Gulati":{"PlayerCategory":"B","PriceSold":210000},"Anuj Vijjan":{"PlayerCategory":"B","PriceSold":150000},"Sumeet Andotra":{"PlayerCategory":"A","PriceSold":200000}}},"Kantrod Kings":{"TotalPurse":3600000,"PurseUtilized":2950000,"PurseRem":650000,"MinBaseRequired":550000,"MinimumTeamReq":{"ReqCount":7,"diCategoryWiseCount":{"Icon":0,"A":0,"B":0,"C":4,"D":3}},"TopUpValue":0,"playerList":{"Mohit Thawani":{"PlayerCategory":"Icon","PriceSold":600000},"Deepesh Kantrod":{"PlayerCategory":"A","PriceSold":400000},"Piyush Kantrod":{"PlayerCategory":"B","PriceSold":450000},"Akash Pamnani":{"PlayerCategory":"Icon","PriceSold":300000},"Saurabh Ahuja":{"PlayerCategory":"B","PriceSold":290000},"Surender Narang":{"PlayerCategory":"B","PriceSold":240000},"Randeep AMAR":{"PlayerCategory":"B","PriceSold":150000},"Ritesh Bajaj":{"PlayerCategory":"A","PriceSold":520000}}},"DB Tigers":{"TotalPurse":3600000,"PurseUtilized":3060000,"PurseRem":540000,"MinBaseRequired":300000,"MinimumTeamReq":{"ReqCount":4,"diCategoryWiseCount":{"Icon":0,"A":0,"B":0,"C":2,"D":2}},"TopUpValue":0,"playerList":{"Sandeep Khubchandani":{"PlayerCategory":"Icon","PriceSold":600000},"Viraj Vijjan":{"PlayerCategory":"A","PriceSold":400000},"Inder Bambani":{"PlayerCategory":"D","PriceSold":150000},"Sushil Ramnani":{"PlayerCategory":"Icon","PriceSold":300000},"Ajay Ahuja":{"PlayerCategory":"B","PriceSold":240000},"Vinit Kantrod":{"PlayerCategory":"B","PriceSold":380000},"Ruchit Kukreja":{"PlayerCategory":"B","PriceSold":280000},"Pawan Talreja":{"PlayerCategory":"B","PriceSold":210000},"Varun Manik":{"PlayerCategory":"A","PriceSold":200000},"Om Andani":{"PlayerCategory":"C","PriceSold":100000},"Amit Tekwani":{"PlayerCategory":"C","PriceSold":200000}}},"Kamda Kings":{"TotalPurse":3600000,"PurseUtilized":3020000,"PurseRem":580000,"MinBaseRequired":550000,"MinimumTeamReq":{"ReqCount":7,"diCategoryWiseCount":{"Icon":0,"A":0,"B":0,"C":4,"D":3}},"TopUpValue":0,"playerList":{"Jatin Vijjan":{"PlayerCategory":"Icon","PriceSold":600000},"Karan Batra":{"PlayerCategory":"A","PriceSold":400000},"Pritam Singh":{"PlayerCategory":"B","PriceSold":450000},"Rohit VIJJAN":{"PlayerCategory":"Icon","PriceSold":570000},"Kartik Dodeja":{"PlayerCategory":"B","PriceSold":300000},"Jai Rohida":{"PlayerCategory":"B","PriceSold":330000},"Nikhil Bajaj":{"PlayerCategory":"B","PriceSold":170000},"Ujwal Nawlani":{"PlayerCategory":"A","PriceSold":200000}}},"Sanjog 11":{"TotalPurse":3600000,"PurseUtilized":3220000,"PurseRem":380000,"MinBaseRequired":550000,"MinimumTeamReq":{"ReqCount":7,"diCategoryWiseCount":{"Icon":0,"A":0,"B":0,"C":4,"D":3}},"TopUpValue":0,"playerList":{"Punit Vohra":{"PlayerCategory":"Icon","PriceSold":600000},"Manish Jaswani":{"PlayerCategory":"A","PriceSold":400000},"Purav oberoi":{"PlayerCategory":"B","PriceSold":450000},"Gaurav Nayyar":{"PlayerCategory":"Icon","PriceSold":930000},"Rahul Hardwani":{"PlayerCategory":"B","PriceSold":290000},"Girish Sadwani":{"PlayerCategory":"B","PriceSold":200000},"Amit Kukreja":{"PlayerCategory":"B","PriceSold":150000},"Nilesh TALREJA":{"PlayerCategory":"A","PriceSold":200000}}},"Mk Super Kings":{"TotalPurse":3600000,"PurseUtilized":3180000,"PurseRem":420000,"MinBaseRequired":550000,"MinimumTeamReq":{"ReqCount":7,"diCategoryWiseCount":{"Icon":0,"A":0,"B":0,"C":4,"D":3}},"TopUpValue":0,"playerList":{"Deepak Makhija":{"PlayerCategory":"A","PriceSold":400000},"Nikky Bhagwani":{"PlayerCategory":"Icon","PriceSold":600000},"Rishab Lakhwani":{"PlayerCategory":"B","PriceSold":450000},"Sahil Bajaj":{"PlayerCategory":"Icon","PriceSold":810000},"Rahul Kachhwani":{"PlayerCategory":"B","PriceSold":270000},"Rohan Kukreja":{"PlayerCategory":"B","PriceSold":220000},"Rajbeer Singh Shahi":{"PlayerCategory":"B","PriceSold":150000},"Aakash Katariya":{"PlayerCategory":"A","PriceSold":280000}}},"Iconnic 11":{"TotalPurse":3600000,"PurseUtilized":3210000,"PurseRem":390000,"MinBaseRequired":350000,"MinimumTeamReq":{"ReqCount":5,"diCategoryWiseCount":{"Icon":0,"A":0,"B":0,"C":2,"D":3}},"TopUpValue":0,"playerList":{"Anuj Bindra":{"PlayerCategory":"Icon","PriceSold":600000},"Suresh Wadhwa":{"PlayerCategory":"C","PriceSold":200000},"Sushil Jaggi":{"PlayerCategory":"C","PriceSold":300000},"Sagar Sandhana":{"PlayerCategory":"Icon","PriceSold":690000},"harsh Hingorany":{"PlayerCategory":"B","PriceSold":320000},"Vinod Bajaj":{"PlayerCategory":"B","PriceSold":260000},"roshan TALREJA":{"PlayerCategory":"B","PriceSold":160000},"Abhimanyu Nayyar":{"PlayerCategory":"B","PriceSold":280000},"Chirag Ahuja":{"PlayerCategory":"A","PriceSold":200000},"Sarbhjot Singh Digwa":{"PlayerCategory":"A","PriceSold":200000}}},"Jaggi Warriors":{"TotalPurse":3600000,"PurseUtilized":3390000,"PurseRem":210000,"MinBaseRequired":450000,"MinimumTeamReq":{"ReqCount":6,"diCategoryWiseCount":{"Icon":0,"A":0,"B":0,"C":3,"D":3}},"TopUpValue":0,"playerList":{"Ankit Duggal":{"PlayerCategory":"Icon","PriceSold":600000},"Shivkumar Khurana":{"PlayerCategory":"B","PriceSold":300000},"Nitesh Jaggi":{"PlayerCategory":"C","PriceSold":300000},"Bhavik Ahuja":{"PlayerCategory":"Icon","PriceSold":750000},"Vijay Wadhwa":{"PlayerCategory":"B","PriceSold":170000},"Sagar KUMAR":{"PlayerCategory":"B","PriceSold":300000},"Sumesh Jaggi":{"PlayerCategory":"B","PriceSold":230000},"Kunal Santani":{"PlayerCategory":"A","PriceSold":200000},"Akash Grover":{"PlayerCategory":"A","PriceSold":540000}}},"BGR Lions":{"TotalPurse":3600000,"PurseUtilized":2940000,"PurseRem":660000,"MinBaseRequired":450000,"MinimumTeamReq":{"ReqCount":6,"diCategoryWiseCount":{"Icon":0,"A":0,"B":0,"C":3,"D":3}},"TopUpValue":0,"playerList":{"Kailash Ahuja":{"PlayerCategory":"Icon","PriceSold":600000},"Sahil Matlai":{"PlayerCategory":"A","PriceSold":400000},"Nitesh Gabra":{"PlayerCategory":"C","PriceSold":300000},"Deepak Sharma":{"PlayerCategory":"Icon","PriceSold":540000},"Mukesh Khubchandani":{"PlayerCategory":"B","PriceSold":260000},"Manoj Dembla":{"PlayerCategory":"B","PriceSold":290000},"Nimish Gulati":{"PlayerCategory":"B","PriceSold":200000},"Pradeep Singh ":{"PlayerCategory":"B","PriceSold":150000},"Sachin Bhagwani":{"PlayerCategory":"A","PriceSold":200000}}},"Smashers":{"TotalPurse":3600000,"PurseUtilized":2910000,"PurseRem":690000,"MinBaseRequired":450000,"MinimumTeamReq":{"ReqCount":6,"diCategoryWiseCount":{"Icon":0,"A":0,"B":0,"C":3,"D":3}},"TopUpValue":0,"playerList":{"Mohit NAVLANI":{"PlayerCategory":"Icon","PriceSold":600000},"Jatin Dembla":{"PlayerCategory":"A","PriceSold":400000},"Jayesh Sachdev":{"PlayerCategory":"B","PriceSold":450000},"Bunny Nawlani":{"PlayerCategory":"Icon","PriceSold":480000},"Chetan Nawlani":{"PlayerCategory":"B","PriceSold":170000},"Akshay Kukreja":{"PlayerCategory":"B","PriceSold":280000},"Yashank Goplani":{"PlayerCategory":"B","PriceSold":150000},"Bhavesh Sachdev":{"PlayerCategory":"A","PriceSold":200000},"Jasmit Singh":{"PlayerCategory":"C","PriceSold":180000}}},"AAA Fighters":{"TotalPurse":3600000,"PurseUtilized":2940000,"PurseRem":660000,"MinBaseRequired":550000,"MinimumTeamReq":{"ReqCount":7,"diCategoryWiseCount":{"Icon":0,"A":0,"B":0,"C":4,"D":3}},"TopUpValue":0,"playerList":{"Jahan KHANNA":{"PlayerCategory":"B","PriceSold":300000},"Rahul Poptani":{"PlayerCategory":"Icon","PriceSold":600000},"Hitesh Darda":{"PlayerCategory":"Icon","PriceSold":480000},"Shubhang Khubchandani":{"PlayerCategory":"B","PriceSold":170000},"Niraj Nawlani":{"PlayerCategory":"B","PriceSold":250000},"Anmol Kukreja":{"PlayerCategory":"B","PriceSold":300000},"Jitesh Gulabani":{"PlayerCategory":"A","PriceSold":200000},"Yogesh Japwani":{"PlayerCategory":"A","PriceSold":640000}}},"RK Warriors":{"TotalPurse":3600000,"PurseUtilized":3290000,"PurseRem":310000,"MinBaseRequired":450000,"MinimumTeamReq":{"ReqCount":6,"diCategoryWiseCount":{"Icon":0,"A":0,"B":0,"C":3,"D":3}},"TopUpValue":0,"playerList":{"Sahil Krishnani":{"PlayerCategory":"A","PriceSold":400000},"Abneesh Kirtani":{"PlayerCategory":"B","PriceSold":450000},"Ashish Kochher":{"PlayerCategory":"Icon","PriceSold":600000},"Hiten Nawlani":{"PlayerCategory":"Icon","PriceSold":300000},"Karan Kukreja":{"PlayerCategory":"B","PriceSold":290000},"Sumit Bajaj":{"PlayerCategory":"B","PriceSold":220000},"Prem Rohida":{"PlayerCategory":"B","PriceSold":310000},"Piyush Wadhwani":{"PlayerCategory":"A","PriceSold":600000},"Akshay Gulati":{"PlayerCategory":"C","PriceSold":120000}}}}