{"Khalsa Warriors":{"TotalPurse":3600000,"PurseUtilized":1780000,"PurseRem":1820000,"MinBaseRequired":1300000,"MinimumTeamReq":{"ReqCount":11,"diCategoryWiseCount":{"Icon":0,"A":1,"B":4,"C":4,"D":2}},"TopUpValue":0,"playerList":{"Pratik Khanna":{"PlayerCategory":"Icon","PriceSold":600000},"Shibu Chetry":{"PlayerCategory":"A","PriceSold":400000},"Sherry Oberoi":{"PlayerCategory":"D","PriceSold":150000},"Rupesh Kantrod":{"PlayerCategory":"Icon","PriceSold":630000}}},"Kantrod Kings":{"TotalPurse":3600000,"PurseUtilized":1750000,"PurseRem":1850000,"MinBaseRequired":1200000,"MinimumTeamReq":{"ReqCount":11,"diCategoryWiseCount":{"Icon":0,"A":1,"B":3,"C":4,"D":3}},"TopUpValue":0,"playerList":{"Mohit Thawani":{"PlayerCategory":"Icon","PriceSold":600000},"Deepesh Kantrod":{"PlayerCategory":"A","PriceSold":400000},"Piyush Kantrod":{"PlayerCategory":"B","PriceSold":450000},"Akash Pamnani":{"PlayerCategory":"Icon","PriceSold":300000}}},"DB Tigers":{"TotalPurse":3600000,"PurseUtilized":1690000,"PurseRem":1910000,"MinBaseRequired":1150000,"MinimumTeamReq":{"ReqCount":10,"diCategoryWiseCount":{"Icon":0,"A":1,"B":3,"C":4,"D":2}},"TopUpValue":0,"playerList":{"Sandeep Khubchandani":{"PlayerCategory":"Icon","PriceSold":600000},"Viraj Vijjan":{"PlayerCategory":"A","PriceSold":400000},"Inder Bambani":{"PlayerCategory":"D","PriceSold":150000},"Sushil Ramnani":{"PlayerCategory":"Icon","PriceSold":300000},"Ajay Ahuja":{"PlayerCategory":"B","PriceSold":240000}}},"Kamda Kings":{"TotalPurse":3600000,"PurseUtilized":2020000,"PurseRem":1580000,"MinBaseRequired":1200000,"MinimumTeamReq":{"ReqCount":11,"diCategoryWiseCount":{"Icon":0,"A":1,"B":3,"C":4,"D":3}},"TopUpValue":0,"playerList":{"Jatin Vijjan":{"PlayerCategory":"Icon","PriceSold":600000},"Karan Batra":{"PlayerCategory":"A","PriceSold":400000},"Pritam Singh":{"PlayerCategory":"B","PriceSold":450000},"Rohit VIJJAN":{"PlayerCategory":"Icon","PriceSold":570000}}},"Sanjog 11":{"TotalPurse":3600000,"PurseUtilized":2380000,"PurseRem":1220000,"MinBaseRequired":1200000,"MinimumTeamReq":{"ReqCount":11,"diCategoryWiseCount":{"Icon":0,"A":1,"B":3,"C":4,"D":3}},"TopUpValue":0,"playerList":{"Punit Vohra":{"PlayerCategory":"Icon","PriceSold":600000},"Manish Jaswani":{"PlayerCategory":"A","PriceSold":400000},"Purav oberoi":{"PlayerCategory":"B","PriceSold":450000},"Gaurav Nayyar":{"PlayerCategory":"Icon","PriceSold":930000}}},"Mk Super Kings":{"TotalPurse":3600000,"PurseUtilized":2260000,"PurseRem":1340000,"MinBaseRequired":1200000,"MinimumTeamReq":{"ReqCount":11,"diCategoryWiseCount":{"Icon":0,"A":1,"B":3,"C":4,"D":3}},"TopUpValue":0,"playerList":{"Deepak Makhija":{"PlayerCategory":"A","PriceSold":400000},"Nikky Bhagwani":{"PlayerCategory":"Icon","PriceSold":600000},"Rishab Lakhwani":{"PlayerCategory":"B","PriceSold":450000},"Sahil Bajaj":{"PlayerCategory":"Icon","PriceSold":810000}}},"Iconnic 11":{"TotalPurse":3600000,"PurseUtilized":1790000,"PurseRem":1810000,"MinBaseRequired":1350000,"MinimumTeamReq":{"ReqCount":11,"diCategoryWiseCount":{"Icon":0,"A":2,"B":4,"C":2,"D":3}},"TopUpValue":0,"playerList":{"Anuj Bindra":{"PlayerCategory":"Icon","PriceSold":600000},"Suresh Wadhwa":{"PlayerCategory":"C","PriceSold":200000},"Sushil Jaggi":{"PlayerCategory":"C","PriceSold":300000},"Sagar Sandhana":{"PlayerCategory":"Icon","PriceSold":690000}}},"Jaggi Warriors":{"TotalPurse":3600000,"PurseUtilized":1950000,"PurseRem":1650000,"MinBaseRequired":1300000,"MinimumTeamReq":{"ReqCount":11,"diCategoryWiseCount":{"Icon":0,"A":2,"B":3,"C":3,"D":3}},"TopUpValue":0,"playerList":{"Ankit Duggal":{"PlayerCategory":"Icon","PriceSold":600000},"Shivkumar Khurana":{"PlayerCategory":"B","PriceSold":300000},"Nitesh Jaggi":{"PlayerCategory":"C","PriceSold":300000},"Bhavik Ahuja":{"PlayerCategory":"Icon","PriceSold":750000}}},"BGR Lions":{"TotalPurse":3600000,"PurseUtilized":2100000,"PurseRem":1500000,"MinBaseRequired":1100000,"MinimumTeamReq":{"ReqCount":10,"diCategoryWiseCount":{"Icon":0,"A":1,"B":3,"C":3,"D":3}},"TopUpValue":0,"playerList":{"Kailash Ahuja":{"PlayerCategory":"Icon","PriceSold":600000},"Sahil Matlai":{"PlayerCategory":"A","PriceSold":400000},"Nitesh Gabra":{"PlayerCategory":"C","PriceSold":300000},"Deepak Sharma":{"PlayerCategory":"Icon","PriceSold":540000},"Mukesh Khubchandani":{"PlayerCategory":"B","PriceSold":260000}}},"Smashers":{"TotalPurse":3600000,"PurseUtilized":1930000,"PurseRem":1670000,"MinBaseRequired":1200000,"MinimumTeamReq":{"ReqCount":11,"diCategoryWiseCount":{"Icon":0,"A":1,"B":3,"C":4,"D":3}},"TopUpValue":0,"playerList":{"Mohit NAVLANI":{"PlayerCategory":"Icon","PriceSold":600000},"Jatin Dembla":{"PlayerCategory":"A","PriceSold":400000},"Jayesh Sachdev":{"PlayerCategory":"B","PriceSold":450000},"Bunny Nawlani":{"PlayerCategory":"Icon","PriceSold":480000}}},"AAA Fighters":{"TotalPurse":3600000,"PurseUtilized":1380000,"PurseRem":2220000,"MinBaseRequired":1400000,"MinimumTeamReq":{"ReqCount":12,"diCategoryWiseCount":{"Icon":0,"A":2,"B":3,"C":4,"D":3}},"TopUpValue":0,"playerList":{"Jahan KHANNA":{"PlayerCategory":"B","PriceSold":300000},"Rahul Poptani":{"PlayerCategory":"Icon","PriceSold":600000},"Hitesh Darda":{"PlayerCategory":"Icon","PriceSold":480000}}},"RK Warriors":{"TotalPurse":3600000,"PurseUtilized":1750000,"PurseRem":1850000,"MinBaseRequired":1200000,"MinimumTeamReq":{"ReqCount":11,"diCategoryWiseCount":{"Icon":0,"A":1,"B":3,"C":4,"D":3}},"TopUpValue":0,"playerList":{"Sahil Krishnani":{"PlayerCategory":"A","PriceSold":400000},"Abneesh Kirtani":{"PlayerCategory":"B","PriceSold":450000},"Ashish Kochher":{"PlayerCategory":"Icon","PriceSold":600000},"Hiten Nawlani":{"PlayerCategory":"Icon","PriceSold":300000}}}}