{"Khalsa Warriors":{"TotalPurse":3600000,"PurseUtilized":0,"PurseRem":3600000,"MinBaseRequired":2150000,"MinimumTeamReq":{"ReqCount":15,"diCategoryWiseCount":{"Icon":2,"A":2,"B":4,"C":4,"D":3}},"TopUpValue":0,"playerList":{}},"Kantrod Kings":{"TotalPurse":3600000,"PurseUtilized":0,"PurseRem":3600000,"MinBaseRequired":2150000,"MinimumTeamReq":{"ReqCount":15,"diCategoryWiseCount":{"Icon":2,"A":2,"B":4,"C":4,"D":3}},"TopUpValue":0,"playerList":{}},"DB Tigers":{"TotalPurse":3600000,"PurseUtilized":0,"PurseRem":3600000,"MinBaseRequired":2150000,"MinimumTeamReq":{"ReqCount":15,"diCategoryWiseCount":{"Icon":2,"A":2,"B":4,"C":4,"D":3}},"TopUpValue":0,"playerList":{}},"Kamda Kings":{"TotalPurse":3600000,"PurseUtilized":0,"PurseRem":3600000,"MinBaseRequired":2150000,"MinimumTeamReq":{"ReqCount":15,"diCategoryWiseCount":{"Icon":2,"A":2,"B":4,"C":4,"D":3}},"TopUpValue":0,"playerList":{}},"Sanjog 11":{"TotalPurse":3600000,"PurseUtilized":0,"PurseRem":3600000,"MinBaseRequired":2150000,"MinimumTeamReq":{"ReqCount":15,"diCategoryWiseCount":{"Icon":2,"A":2,"B":4,"C":4,"D":3}},"TopUpValue":0,"playerList":{}},"Mk Super Kings":{"TotalPurse":3600000,"PurseUtilized":0,"PurseRem":3600000,"MinBaseRequired":2150000,"MinimumTeamReq":{"ReqCount":15,"diCategoryWiseCount":{"Icon":2,"A":2,"B":4,"C":4,"D":3}},"TopUpValue":0,"playerList":{}},"Iconnic 11":{"TotalPurse":3600000,"PurseUtilized":0,"PurseRem":3600000,"MinBaseRequired":2150000,"MinimumTeamReq":{"ReqCount":15,"diCategoryWiseCount":{"Icon":2,"A":2,"B":4,"C":4,"D":3}},"TopUpValue":0,"playerList":{}},"Jaggi Warriors":{"TotalPurse":3600000,"PurseUtilized":0,"PurseRem":3600000,"MinBaseRequired":2150000,"MinimumTeamReq":{"ReqCount":15,"diCategoryWiseCount":{"Icon":2,"A":2,"B":4,"C":4,"D":3}},"TopUpValue":0,"playerList":{}},"BGR Lions":{"TotalPurse":3600000,"PurseUtilized":600000,"PurseRem":3000000,"MinBaseRequired":1850000,"MinimumTeamReq":{"ReqCount":14,"diCategoryWiseCount":{"Icon":1,"A":2,"B":4,"C":4,"D":3}},"TopUpValue":0,"playerList":{"Kailash Ahuja":{"PlayerCategory":"Icon","PriceSold":600000}}},"Smashers":{"TotalPurse":3600000,"PurseUtilized":0,"PurseRem":3600000,"MinBaseRequired":2150000,"MinimumTeamReq":{"ReqCount":15,"diCategoryWiseCount":{"Icon":2,"A":2,"B":4,"C":4,"D":3}},"TopUpValue":0,"playerList":{}},"AAA Fighters":{"TotalPurse":3600000,"PurseUtilized":0,"PurseRem":3600000,"MinBaseRequired":2150000,"MinimumTeamReq":{"ReqCount":15,"diCategoryWiseCount":{"Icon":2,"A":2,"B":4,"C":4,"D":3}},"TopUpValue":0,"playerList":{}},"RK Warriors":{"TotalPurse":3600000,"PurseUtilized":0,"PurseRem":3600000,"MinBaseRequired":2150000,"MinimumTeamReq":{"ReqCount":15,"diCategoryWiseCount":{"Icon":2,"A":2,"B":4,"C":4,"D":3}},"TopUpValue":0,"playerList":{}}}