{"Khalsa Warriors":{"TotalPurse":3600000,"PurseUtilized":0,"PurseRem":3600000,"MinBaseRequired":2150000,"MinimumTeamReq":{"ReqCount":15,"diCategoryWiseCount":{"Icon":2,"A":2,"B":4,"C":4,"D":3}},"TopUpValue":0,"playerList":{}},"Kantrod Kings":{"TotalPurse":3600000,"PurseUtilized":0,"PurseRem":3600000,"MinBaseRequired":2150000,"MinimumTeamReq":{"ReqCount":15,"diCategoryWiseCount":{"Icon":2,"A":2,"B":4,"C":4,"D":3}},"TopUpValue":0,"playerList":{}},"DB Tigers":{"TotalPurse":3600000,"PurseUtilized":1000000,"PurseRem":2600000,"MinBaseRequired":1650000,"MinimumTeamReq":{"ReqCount":13,"diCategoryWiseCount":{"Icon":1,"A":1,"B":4,"C":4,"D":3}},"TopUpValue":0,"playerList":{"Sandeep Khubchandani":{"PlayerCategory":"Icon","PriceSold":600000},"Viraj Vijjan":{"PlayerCategory":"A","PriceSold":400000}}},"Kamda Kings":{"TotalPurse":3600000,"PurseUtilized":0,"PurseRem":3600000,"MinBaseRequired":2150000,"MinimumTeamReq":{"ReqCount":15,"diCategoryWiseCount":{"Icon":2,"A":2,"B":4,"C":4,"D":3}},"TopUpValue":0,"playerList":{}},"Sanjog 11":{"TotalPurse":3600000,"PurseUtilized":0,"PurseRem":3600000,"MinBaseRequired":2150000,"MinimumTeamReq":{"ReqCount":15,"diCategoryWiseCount":{"Icon":2,"A":2,"B":4,"C":4,"D":3}},"TopUpValue":0,"playerList":{}},"Mk Super Kings":{"TotalPurse":3600000,"PurseUtilized":0,"PurseRem":3600000,"MinBaseRequired":2150000,"MinimumTeamReq":{"ReqCount":15,"diCategoryWiseCount":{"Icon":2,"A":2,"B":4,"C":4,"D":3}},"TopUpValue":0,"playerList":{}},"Iconnic 11":{"TotalPurse":3600000,"PurseUtilized":0,"PurseRem":3600000,"MinBaseRequired":2150000,"MinimumTeamReq":{"ReqCount":15,"diCategoryWiseCount":{"Icon":2,"A":2,"B":4,"C":4,"D":3}},"TopUpValue":0,"playerList":{}},"Jaggi Warriors":{"TotalPurse":3600000,"PurseUtilized":0,"PurseRem":3600000,"MinBaseRequired":2150000,"MinimumTeamReq":{"ReqCount":15,"diCategoryWiseCount":{"Icon":2,"A":2,"B":4,"C":4,"D":3}},"TopUpValue":0,"playerList":{}},"BGR Lions":{"TotalPurse":3600000,"PurseUtilized":1000000,"PurseRem":2600000,"MinBaseRequired":1650000,"MinimumTeamReq":{"ReqCount":13,"diCategoryWiseCount":{"Icon":1,"A":1,"B":4,"C":4,"D":3}},"TopUpValue":0,"playerList":{"Kailash Ahuja":{"PlayerCategory":"Icon","PriceSold":600000},"Sahil Matlai":{"PlayerCategory":"A","PriceSold":400000}}},"Smashers":{"TotalPurse":3600000,"PurseUtilized":0,"PurseRem":3600000,"MinBaseRequired":2150000,"MinimumTeamReq":{"ReqCount":15,"diCategoryWiseCount":{"Icon":2,"A":2,"B":4,"C":4,"D":3}},"TopUpValue":0,"playerList":{}},"AAA Fighters":{"TotalPurse":3600000,"PurseUtilized":900000,"PurseRem":2700000,"MinBaseRequired":1700000,"MinimumTeamReq":{"ReqCount":13,"diCategoryWiseCount":{"Icon":1,"A":2,"B":3,"C":4,"D":3}},"TopUpValue":0,"playerList":{"Jahan KHANNA":{"PlayerCategory":"B","PriceSold":300000},"Rahul Poptani":{"PlayerCategory":"Icon","PriceSold":600000}}},"RK Warriors":{"TotalPurse":3600000,"PurseUtilized":0,"PurseRem":3600000,"MinBaseRequired":2150000,"MinimumTeamReq":{"ReqCount":15,"diCategoryWiseCount":{"Icon":2,"A":2,"B":4,"C":4,"D":3}},"TopUpValue":0,"playerList":{}}}